Ticket,Short Description
INC0728312,Satellite Data Transmission Disruption - Lunar Base 13
INC0719405,Intermittent Signal Loss - Mars Rover Communication Module
INC0742598,Printer Malfunction - International Space Station Sector 14
INC0763924,Interstellar Access Point Connectivity Issue - Andromeda Galaxy Outpost
INC0778265,Implementation of Enhanced Device Authentication Protocol - Voyager Probe
INC0654321,Solar Panel Charging Anomaly - Neptune Research Station
INC0655319,Critical Network Disruption Detected - Deep Space Telescope Array
INC0667321,Galactic Data Link Instability - Alpha Centauri Relay Station
INC0667322,Galactic Data Link Instability - Beta Centauri Relay Station
INC0679434,Astronaut Support Request - Repairing Life Support System Fan in Nebula Exploration Pod
INC0682123,Energy Docking Failure - Europa Research Facility
INC0682736,Data Transmission Issue - Exoplanet Observatory Systems
INC0682854,Performance Degradation Detected - Titan Surface Exploration Unit
